# id	symbol ID	control points (lon,lat ...)	scale	bbox (W,S,E,N)	KEY=VALUE modifiers...
# First-milestone graphics, 2525D change 1 (11) and 2525E change 1 (15), friendly, symbol set 25.
phase-line-d	11032500001403000000	20.0,50.0 20.1,50.02	50000	19.95,49.95,20.15,50.07	T_UNIQUE_DESIGNATION_1=ALPHA
phase-line-e	15032500001403000000	20.0,50.0 20.1,50.02	50000	19.95,49.95,20.15,50.07	T_UNIQUE_DESIGNATION_1=ALPHA
phase-line-4pt-d	11032500001403000000	20.0,50.0 20.03,50.03 20.07,50.01 20.1,50.04	50000	19.95,49.95,20.15,50.09	T_UNIQUE_DESIGNATION_1=BRAVO
phase-line-antimeridian-d	11032500001403000000	179.95,10.0 -179.95,10.02	50000	179.9,9.95,-179.9,10.07	T_UNIQUE_DESIGNATION_1=DATELINE
nai-d	11032500001202000000	20.0,50.0 20.08,50.0 20.08,50.05 20.0,50.05	50000	19.95,49.95,20.13,50.1	T_UNIQUE_DESIGNATION_1=1
nai-e	15032500001202000000	20.0,50.0 20.08,50.0 20.08,50.05 20.0,50.05	50000	19.95,49.95,20.13,50.1	T_UNIQUE_DESIGNATION_1=1
main-attack-3pt-d	11032500001514030000	20.0,50.0 20.1,50.03 20.0,50.01	50000	19.95,49.95,20.15,50.08	T_UNIQUE_DESIGNATION_1=1
main-attack-5pt-d	11032500001514030000	20.0,50.0 20.04,50.02 20.08,50.01 20.12,50.04 20.03,50.007	50000	19.95,49.95,20.17,50.09	T_UNIQUE_DESIGNATION_1=2
main-attack-3pt-e	15032500001514030000	20.0,50.0 20.1,50.03 20.0,50.01	50000	19.95,49.95,20.15,50.08	T_UNIQUE_DESIGNATION_1=1
air-corridor-d	11032500001701000000	20.0,50.0 20.05,50.03 20.1,50.02	50000	19.95,49.95,20.15,50.08	AM_DISTANCE=2000	T_UNIQUE_DESIGNATION_1=AC1	X_ALTITUDE_DEPTH=1000,3000
air-corridor-e	15032500001701000000	20.0,50.0 20.05,50.03 20.1,50.02	50000	19.95,49.95,20.15,50.08	AM_DISTANCE=2000	T_UNIQUE_DESIGNATION_1=AC1	X_ALTITUDE_DEPTH=1000,3000
range-fan-sector-d	11032500002422000000	20.0,50.0	50000	19.9,49.9,20.1,50.1	AM_DISTANCE=1000,5000	AN_AZIMUTH=30,90
range-fan-sector-2-d	11032500002422000000	20.0,50.0	50000	19.9,49.9,20.1,50.1	AM_DISTANCE=1000,5000,8000	AN_AZIMUTH=30,90,300,350
range-fan-sector-e	15032500002422000000	20.0,50.0	50000	19.9,49.9,20.1,50.1	AM_DISTANCE=1000,5000	AN_AZIMUTH=30,90
bypass-easy-d	11032500002706010000	20.0,50.0 20.04,50.03 20.08,50.0	50000	19.95,49.95,20.13,50.08
bypass-easy-e	15032500002706010000	20.0,50.0 20.04,50.03 20.08,50.0	50000	19.95,49.95,20.13,50.08
# Status 1 (planned/anticipated): drawn dashed.
phase-line-anticipated-d	11032510001403000000	20.0,50.0 20.1,50.02	50000	19.95,49.95,20.15,50.07	T_UNIQUE_DESIGNATION_1=ALPHA
nai-anticipated-d	11032510001202000000	20.0,50.0 20.08,50.0 20.08,50.05 20.0,50.05	50000	19.95,49.95,20.13,50.1	T_UNIQUE_DESIGNATION_1=1
main-attack-3pt-anticipated-d	11032510001514030000	20.0,50.0 20.1,50.03 20.0,50.01	50000	19.95,49.95,20.15,50.08	T_UNIQUE_DESIGNATION_1=1
air-corridor-anticipated-d	11032510001701000000	20.0,50.0 20.05,50.03 20.1,50.02	50000	19.95,49.95,20.15,50.08	AM_DISTANCE=2000	T_UNIQUE_DESIGNATION_1=AC1	X_ALTITUDE_DEPTH=1000,3000
range-fan-sector-anticipated-d	11032510002422000000	20.0,50.0	50000	19.9,49.9,20.1,50.1	AM_DISTANCE=1000,5000	AN_AZIMUTH=30,90
bypass-easy-anticipated-d	11032510002706010000	20.0,50.0 20.04,50.03 20.08,50.0	50000	19.95,49.95,20.13,50.08
# Boundary cases: below the point minimum and missing required modifiers must be refused.
phase-line-1pt-d	11032500001403000000	20.0,50.0	50000	19.95,49.95,20.15,50.07	T_UNIQUE_DESIGNATION_1=ALPHA
range-fan-no-an-d	11032500002422000000	20.0,50.0	50000	19.9,49.9,20.1,50.1	AM_DISTANCE=1000,5000
